-- phpMyAdmin SQL Dump
-- version 4.8.0.1
-- https://www.phpmyadmin.net/
--
-- Host: 127.0.0.1
-- Waktu pembuatan: 07 Apr 2021 pada 02.42
-- Versi server: 10.1.32-MariaDB
-- Versi PHP: 5.6.36

SET SQL_MODE = "NO_AUTO_VALUE_ON_ZERO";
SET AUTOCOMMIT = 0;
START TRANSACTION;
SET time_zone = "+00:00";


/*!40101 SET @OLD_CHARACTER_SET_CLIENT=@@CHARACTER_SET_CLIENT */;
/*!40101 SET @OLD_CHARACTER_SET_RESULTS=@@CHARACTER_SET_RESULTS */;
/*!40101 SET @OLD_COLLATION_CONNECTION=@@COLLATION_CONNECTION */;
/*!40101 SET NAMES utf8mb4 */;

--
-- Database: `perpus`
--

-- --------------------------------------------------------

--
-- Struktur dari tabel `anggota`
--

CREATE TABLE `anggota` (
  `id_anggota` varchar(10) NOT NULL,
  `nama_anggota` varchar(50) NOT NULL,
  `jenkel` varchar(20) NOT NULL,
  `alamat` text NOT NULL,
  `no_hp` varchar(15) NOT NULL
) ENGINE=InnoDB DEFAULT CHARSET=latin1;

--
-- Dumping data untuk tabel `anggota`
--

INSERT INTO `anggota` (`id_anggota`, `nama_anggota`, `jenkel`, `alamat`, `no_hp`) VALUES
('AG001', 'Ahmad', 'Laki-laki', 'Jawa Tengah', '082xxxxxxxx'),
('AG002', 'Fatimah', 'Perempuan', 'Malang', '087xxxxxxxxx'),
('AG003', 'Muzamil', 'Laki-laki', 'Pendabah Bawah', 'o82335933148'),
('AG004', 'Jhon', 'Laki-laki', 'Jakarta', '081xxxxxxxxx');

-- --------------------------------------------------------

--
-- Struktur dari tabel `buku`
--

CREATE TABLE `buku` (
  `id_buku` varchar(10) NOT NULL,
  `id_pengarang` int(11) NOT NULL,
  `id_penerbit` int(11) NOT NULL,
  `judul_buku` varchar(50) NOT NULL,
  `tahun_terbit` int(10) NOT NULL,
  `jumlah` int(10) NOT NULL
) ENGINE=InnoDB DEFAULT CHARSET=latin1;

--
-- Dumping data untuk tabel `buku`
--

INSERT INTO `buku` (`id_buku`, `id_pengarang`, `id_penerbit`, `judul_buku`, `tahun_terbit`, `jumlah`) VALUES
('BK001', 2, 1, 'Pemrograman PHP', 2000, 9),
('BK002', 1, 2, 'Algoritma dan Pemrograman', 2005, 15);

-- --------------------------------------------------------

--
-- Struktur dari tabel `login`
--

CREATE TABLE `login` (
  `id` int(11) NOT NULL,
  `nama` varchar(50) NOT NULL,
  `username` varchar(50) NOT NULL,
  `password` varchar(50) NOT NULL,
  `level` varchar(20) NOT NULL
) ENGINE=InnoDB DEFAULT CHARSET=latin1;

--
-- Dumping data untuk tabel `login`
--

INSERT INTO `login` (`id`, `nama`, `username`, `password`, `level`) VALUES
(1, 'admin', 'admin', '21232f297a57a5a743894a0e4a801fc3', 'Administrator'),
(3, 'sarjana koding', 'sarjana', 'e10adc3949ba59abbe56e057f20f883e', 'Petugas');

-- --------------------------------------------------------

--
-- Struktur dari tabel `peminjaman`
--

CREATE TABLE `peminjaman` (
  `id_pm` varchar(10) NOT NULL,
  `id_anggota` varchar(10) NOT NULL,
  `id_buku` varchar(10) NOT NULL,
  `tgl_pinjam` date NOT NULL,
  `tgl_kembali` date NOT NULL
) ENGINE=InnoDB DEFAULT CHARSET=latin1;

--
-- Dumping data untuk tabel `peminjaman`
--

INSERT INTO `peminjaman` (`id_pm`, `id_anggota`, `id_buku`, `tgl_pinjam`, `tgl_kembali`) VALUES
('PM001', 'AG004', 'BK002', '2021-01-31', '2021-02-07'),
('PM002', 'AG003', 'BK002', '2021-03-17', '2021-03-24'),
('PM003', 'AG004', 'BK001', '2021-03-18', '2021-03-25');

--
-- Trigger `peminjaman`
--
DELIMITER $$
CREATE TRIGGER `jml_after_pinjam` AFTER INSERT ON `peminjaman` FOR EACH ROW update buku set buku.jumlah = buku.jumlah -1 where buku.id_buku = new.id_buku
$$
DELIMITER ;

-- --------------------------------------------------------

--
-- Struktur dari tabel `penerbit`
--

CREATE TABLE `penerbit` (
  `id_penerbit` int(11) NOT NULL,
  `nama_penerbit` varchar(50) NOT NULL
) ENGINE=InnoDB DEFAULT CHARSET=latin1;

--
-- Dumping data untuk tabel `penerbit`
--

INSERT INTO `penerbit` (`id_penerbit`, `nama_penerbit`) VALUES
(1, 'Penerbit ke Pertama'),
(2, 'Penerbit ke 2');

-- --------------------------------------------------------

--
-- Struktur dari tabel `pengarang`
--

CREATE TABLE `pengarang` (
  `id_pengarang` int(11) NOT NULL,
  `nama_pengarang` varchar(50) NOT NULL
) ENGINE=InnoDB DEFAULT CHARSET=latin1;

--
-- Dumping data untuk tabel `pengarang`
--

INSERT INTO `pengarang` (`id_pengarang`, `nama_pengarang`) VALUES
(1, 'Ahmad'),
(2, 'Fatimah');

-- --------------------------------------------------------

--
-- Struktur dari tabel `pengembalian`
--

CREATE TABLE `pengembalian` (
  `id_pengembalian` int(11) NOT NULL,
  `id_anggota` varchar(20) NOT NULL,
  `id_buku` varchar(20) NOT NULL,
  `tgl_pinjam` date NOT NULL,
  `tgl_kembali` date NOT NULL,
  `tgl_kembalikan` date NOT NULL
) ENGINE=InnoDB DEFAULT CHARSET=latin1;

--
-- Dumping data untuk tabel `pengembalian`
--

INSERT INTO `pengembalian` (`id_pengembalian`, `id_anggota`, `id_buku`, `tgl_pinjam`, `tgl_kembali`, `tgl_kembalikan`) VALUES
(1, 'AG002', 'BK002', '2020-12-18', '2020-12-25', '2021-01-27'),
(4, 'AG001', 'BK002', '2020-12-01', '2020-12-08', '2021-01-27'),
(5, 'AG001', 'BK002', '2021-01-27', '2021-02-03', '2021-01-27'),
(6, 'AG001', 'BK002', '2021-01-27', '2021-02-03', '2021-01-30');

--
-- Indexes for dumped tables
--

--
-- Indeks untuk tabel `anggota`
--
ALTER TABLE `anggota`
  ADD PRIMARY KEY (`id_anggota`);

--
-- Indeks untuk tabel `buku`
--
ALTER TABLE `buku`
  ADD PRIMARY KEY (`id_buku`);

--
-- Indeks untuk tabel `login`
--
ALTER TABLE `login`
  ADD PRIMARY KEY (`id`);

--
-- Indeks untuk tabel `peminjaman`
--
ALTER TABLE `peminjaman`
  ADD PRIMARY KEY (`id_pm`);

--
-- Indeks untuk tabel `penerbit`
--
ALTER TABLE `penerbit`
  ADD PRIMARY KEY (`id_penerbit`);

--
-- Indeks untuk tabel `pengarang`
--
ALTER TABLE `pengarang`
  ADD PRIMARY KEY (`id_pengarang`);

--
-- Indeks untuk tabel `pengembalian`
--
ALTER TABLE `pengembalian`
  ADD PRIMARY KEY (`id_pengembalian`);

--
-- AUTO_INCREMENT untuk tabel yang dibuang
--

--
-- AUTO_INCREMENT untuk tabel `login`
--
ALTER TABLE `login`
  MODIFY `id` int(11) NOT NULL AUTO_INCREMENT, AUTO_INCREMENT=4;

--
-- AUTO_INCREMENT untuk tabel `penerbit`
--
ALTER TABLE `penerbit`
  MODIFY `id_penerbit` int(11) NOT NULL AUTO_INCREMENT, AUTO_INCREMENT=3;

--
-- AUTO_INCREMENT untuk tabel `pengarang`
--
ALTER TABLE `pengarang`
  MODIFY `id_pengarang` int(11) NOT NULL AUTO_INCREMENT, AUTO_INCREMENT=3;

--
-- AUTO_INCREMENT untuk tabel `pengembalian`
--
ALTER TABLE `pengembalian`
  MODIFY `id_pengembalian` int(11) NOT NULL AUTO_INCREMENT, AUTO_INCREMENT=7;
COMMIT;

/*!40101 SET CHARACTER_SET_CLIENT=@OLD_CHARACTER_SET_CLIENT */;
/*!40101 SET CHARACTER_SET_RESULTS=@OLD_CHARACTER_SET_RESULTS */;
/*!40101 SET COLLATION_CONNECTION=@OLD_COLLATION_CONNECTION */;
